time,temperature,precipitation
Autumn,0.8628333333333337,2.2241216265367045
Spring,1.4018571428571422,-9.128172546568257
Summer,1.4534761904761908,0.974315313738286
Winter,1.2946190476190476,6.441181818900566
